profile,nz,dt,CFL,scheme,mass_rel_change,mean_error,variance_change,D_effective,peak,min,TV_ratio,relative_L1,status
gaussian,200,0.1,0.01,vanLeer_FE,-8.881784197e-16,-0.0179117177005,4.58382391734,0.00458382391734,0.625633384443,6.04630043757e-64,0.64888584309,0.384011659483,ok
gaussian,200,0.1,0.01,vanLeer_SSPRK2,1.33226762955e-15,-0.0209855459005,4.91208070125,0.00491208070125,0.616968766897,7.78318364159e-64,0.639899194038,0.396790393408,ok
gaussian,200,1,0.1,vanLeer_FE,-3.33066907388e-16,0.0125021153616,1.99026878616,0.00199026878616,0.71107512196,5.33054305067e-65,0.737503131205,0.260731576485,ok
gaussian,200,1,0.1,vanLeer_SSPRK2,-9.99200722163e-16,-0.0194161836158,4.93626275259,0.00493626275259,0.616659304898,8.50758580782e-64,0.639578230491,0.397316039365,ok
gaussian,200,2,0.2,vanLeer_FE,-2.22044604925e-16,0.030399346586,-0.0201364776442,-2.01364776442e-05,0.813668342141,2.38788541813e-66,0.843909358603,0.160556006608,ok
gaussian,200,2,0.2,vanLeer_SSPRK2,4.4408920985e-16,-0.0144161378248,5.01470649641,0.00501470649641,0.61545115716,1.14545974523e-63,0.638325180409,0.399198437416,ok
gaussian,200,5,0.5,vanLeer_FE,-2.22044604925e-16,2.90185653284e-11,-1.8335090492,-0.0018335090492,0.961240505085,9.31497560264e-262,0.996966228248,0.279065903134,ok
gaussian,200,5,0.5,vanLeer_SSPRK2,-3.33066907388e-16,0.0326283010277,5.60382498186,0.00560382498186,0.609887738751,1.56141544126e-62,0.632554990495,0.421673670933,ok
gaussian,400,0.1,0.02,vanLeer_FE,-9.99200722163e-16,-0.0212018591412,0.532096560665,0.000532096560665,0.838922191345,4.00646931351e-87,0.846697077297,0.133335072831,ok
gaussian,400,0.1,0.02,vanLeer_SSPRK2,2.88657986403e-15,-0.0216366109774,0.924144862122,0.000924144862122,0.818269211684,1.11140984963e-86,0.82585269185,0.149913469342,ok
gaussian,400,1,0.2,vanLeer_FE,0,-0.000810520164748,-1.67267022659,-0.00167267022659,0.968098970432,1.71687240124e-102,0.97707102906,0.250266605068,ok
gaussian,400,1,0.2,vanLeer_SSPRK2,4.4408920985e-16,-0.0215108018994,0.953818898435,0.000953818898435,0.817351633397,2.39502223732e-86,0.824926609715,0.153243286749,ok
gaussian,400,2,0.4,vanLeer_FE,-3.33066907388e-16,0.000287207377013,-2.02564818135,-0.00202564818135,0.98859690226,2.01183945638e-195,0.997758929736,0.313429215644,ok
gaussian,400,2,0.4,vanLeer_SSPRK2,2.22044604925e-16,-0.0197896881973,1.05482107395,0.00105482107395,0.815069005178,3.97751233191e-85,0.822622826764,0.165222904109,ok
top_hat,200,0.1,0.01,vanLeer_FE,4.4408920985e-16,-0.00421450332784,4.96309237009,0.00496309237009,0.947966266103,0,0.947966266103,0.344736359487,ok
top_hat,200,0.1,0.01,vanLeer_SSPRK2,-2.44249065418e-15,-0.0048267291973,5.28014640444,0.00528014640444,0.942137362776,0,0.942137362776,0.356746104948,ok
top_hat,200,1,0.1,vanLeer_FE,-3.33066907388e-16,-8.34300492301e-05,2.62507230505,0.00262507230505,0.986331904579,0,0.986331904579,0.241650347681,ok
top_hat,200,1,0.1,vanLeer_SSPRK2,1.11022302463e-15,-0.00471903997408,5.30182263581,0.00530182263581,0.94190086057,0,0.94190086057,0.357474636244,ok
top_hat,200,2,0.2,vanLeer_FE,-6.66133814775e-16,0.000338437065068,1.2135007208,0.0012135007208,0.998895359908,0,0.998895359908,0.156950337779,ok
top_hat,200,2,0.2,vanLeer_SSPRK2,4.4408920985e-16,-0.00438763858368,5.3706555593,0.0053706555593,0.941103479852,0,0.941103479852,0.3597209978,ok
top_hat,200,5,0.5,vanLeer_FE,2.22044604925e-16,2.11741735257e-12,0.279077801091,0.000279077801091,1,0,1,0.0557111148498,ok
top_hat,200,5,0.5,vanLeer_SSPRK2,-5.55111512313e-16,-0.00147522896707,5.93662449556,0.00593662449556,0.932715259248,0,0.932715259248,0.377100686801,ok
top_hat,400,0.1,0.02,vanLeer_FE,-1.11022302463e-15,-3.76844450898e-05,1.61548651418,0.00161548651418,0.999596099659,0,0.999596099659,0.197415321131,ok
top_hat,400,0.1,0.02,vanLeer_SSPRK2,1.55431223448e-15,-7.58546100172e-05,1.9076989052,0.0019076989052,0.999149525483,0,0.999149525483,0.216139593857,ok
top_hat,400,1,0.2,vanLeer_FE,-5.55111512313e-16,-1.07772279989e-09,0.305234405636,0.000305234405636,0.999999988769,0,0.999999988769,0.0787443416431,ok
top_hat,400,1,0.2,vanLeer_SSPRK2,2.22044604925e-16,-7.66775885808e-05,1.94802900946,0.00194802900946,0.999088548202,0,0.999088548202,0.218344280653,ok
top_hat,400,2,0.4,vanLeer_FE,-1.44328993201e-15,0,0.104566559503,0.000104566559503,1,0,1,0.039392476054,ok
top_hat,400,2,0.4,vanLeer_SSPRK2,0,-8.57066321061e-05,2.08211554383,0.00208211554383,0.998756310103,0,0.998756310103,0.22541993991,ok
